<?xml version="1.0" encoding="UTF-8"?>
<applicationRegistry xmlns="http://www.xframium.org/applicationRegistry" xmlns:xsi="http://www.w3.org/2001/XMLSchema-instance" xsi:schemaLocation="http://www.xframium.org/applicationRegistry http://www.xframium.org/xsd/deviceManagement/applicationRegistry.xsd">
   <application name="NEXTGEN_PNG" appPackage="" bundleId="" url="http://png/AllstateCTSNG/desktop/desktop/desktop.aspx" />
   <application name="GOOGLE" appPackage="" bundleId="" url="http://www.google.ca" />
    <application name="FOCUS" appPackage="" bundleId="" url="https://tstfocus.allstate.ca/signon.htm" />
   <application name="NEXTGEN_HNG" appPackage="" bundleId="" url="http://hng/AllstateCTSNG/desktop/desktop/desktop.aspx" />
   <application name="PNG" appPackage="" bundleId="" url="http://png/AllstateCTSNG/desktop/desktop/desktop.aspx?userId=spoole" />
   <application name="PNG_AUTO3" appPackage="" bundleId="" url="https://agencyportal-st.allstate.com/eaiSSL/EAIWeb/EAIServlet?OrigURL=https%3A//claimaccess-st.allstate.com/ngaapt-hs/AllstateCTSNG/desktop/desktop/desktop.aspx" />
   <application name="PNG_CSS" appPackage="" bundleId="" url="https://greenmyaccounts-dev.allstate.com/AllstateCTSNGNonRegisteredSSWeb-PT/NonRegistered/NonRegistered.aspx" />
   <application name="CSS" appPackage="" bundleId="" url="https://myaccountr1-itest1.allstate.com/" />
   <application name="CSS_TH_PARTY" appPackage="" bundleId="" url="https://greenmyaccounts-dev.allstate.com/AllstateCTSNGThirdPartySSWeb-PT/Anon/Login.aspx" />
</applicationRegistry>