<?xml version="1.0" encoding="UTF-8"?>
<deviceRegistry xmlns="http://www.xframium.org/deviceRegistry"
	xmlns:xsi="http://www.w3.org/2001/XMLSchema-instance"
	xsi:schemaLocation="http://www.xframium.org/deviceRegistry http://www.xframium.org/xsd/deviceManagement/deviceRegistry.xsd">

	<device name="IE" os="Windows" browserName="internet explorer" availableDevices="1" manufacturer="Microsoft" model="IE" active="true" >
		  <capability name="ignoreProtectedModeSettings" class="BOOLEAN">true</capability>
		  <capability name="requireWindowFocus" class="BOOLEAN">true</capability> 
    </device>
	<device name="Firefox" os="Windows" browserName="Firefox" manufacturer="Mozilla" model="Firefox" active="false" />
	<device name="Chrome" os="Windows" browserName="Chrome" manufacturer="Google" model="Chrome" active="false" />

</deviceRegistry>
